type chaussure,prix,adresse,image_lien
Chaussures homme,15000.0,"Medina, Dakar, Sénégal",https://images.coinafrique.com/thumb_5773520_uploaded_image1_1771005361.jpg
Chaussures Stan Smith,13000.0,"Dakar Plateau, Dakar, Sénégal",https://images.coinafrique.com/thumb_5291976_uploaded_image1_1745276541.jpg
Chaussures Nike,20000.0,"Dakar Plateau, Dakar, Sénégal",https://images.coinafrique.com/thumb_5293050_uploaded_image1_1745339558.jpg
Chaussures Balenciaga,13000.0,"Sicap Liberté, Dakar, Sénégal",https://images.coinafrique.com/thumb_5343633_uploaded_image1_1748099218.jpg
Stan  Smith,13000.0,"Dakar Plateau, Dakar, Sénégal",https://images.coinafrique.com/thumb_5299470_uploaded_image1_1745669343.jpg
Sandales homme,13000.0,"Grand Yoff, Dakar, Sénégal",https://images.coinafrique.com/thumb_5566807_uploaded_image1_1760037954.jpg
Chaussures Unisexe,15000.0,"Dakar, Sénégal",https://images.coinafrique.com/thumb_5505619_uploaded_image1_1756849246.jpg
Baskets NB9050,23000.0,"Colobane, Dakar, Sénégal",https://images.coinafrique.com/thumb_5350412_uploaded_image1_1748483937.jpg
Chaussures Timberland Berluti,16000.0,"Colobane, Dakar, Sénégal",https://images.coinafrique.com/thumb_5350414_uploaded_image1_1748484037.jpg
Tapettes homme,20000.0,"Colobane, Dakar, Sénégal",https://images.coinafrique.com/thumb_5351718_uploaded_image2_1748579763.jpeg
Chaussures en cuirs pour homme,17000.0,"Keur Massar, Sénégal",https://images.coinafrique.com/thumb_5353808_uploaded_image1_1748715471.jpg
Chaussures  homme,25000.0,"Colobane, Dakar, Sénégal",https://images.coinafrique.com/thumb_5769513_uploaded_image1_1770814954.jpg
Chaussures en cuir pour homme,10000.0,"Colobane, Dakar, Sénégal",https://images.coinafrique.com/thumb_5624803_uploaded_image1_1763314804.jpg
Chaussures Tommy,15000.0,"Diamalaye 1, Dakar, Sénégal",https://images.coinafrique.com/thumb_5358420_uploaded_image1_1748953921.jpg
Chaussures Hermès,20000.0,"Dakar, Sénégal",https://images.coinafrique.com/thumb_5751239_uploaded_image1_1769862397.jpg
Chaussures homme en  cuir,15000.0,"Dakar, Sénégal",https://images.coinafrique.com/thumb_5505623_uploaded_image1_1756849395.jpg
Sandale Orthopédique Birkenstock,29500.0,"Mermoz-Sacré Coeur, Dakar, Sénégal",https://images.coinafrique.com/thumb_5569336_uploaded_image1_1760194310.jpg
Sabot orthopédique,12000.0,"Mermoz-Sacré Coeur, Dakar, Sénégal",https://images.coinafrique.com/thumb_5313152_uploaded_image1_1746464722.jpg
Baskets Aire Force One,13000.0,"Dakar, Sénégal",https://images.coinafrique.com/thumb_5361117_uploaded_image1_1749079520.jpg
Babouche / bonnet,15000.0,"Dieuppeul-Derklé, Dakar, Sénégal",https://images.coinafrique.com/thumb_5360403_uploaded_image1_1749049684.jpg
Chaussures Wallabess,16000.0,"Dakar Plateau, Dakar, Sénégal",https://images.coinafrique.com/thumb_5314916_uploaded_image1_1746554149.jpg
Baskets Nike JA 1,20000.0,"Guediawaye, Dakar, Sénégal",https://images.coinafrique.com/thumb_5362506_uploaded_image1_1749163263.jpg
Babouches homme,10000.0,"Dakar, Sénégal",https://images.coinafrique.com/thumb_5355160_uploaded_image1_1748804517.jpg
Chaussures cuir,20000.0,"Dakar Plateau, Dakar, Sénégal",https://images.coinafrique.com/thumb_5330113_uploaded_image1_1747337081.jpg
Baskets Vans Knu Skool,25000.0,"Parcelle Assainies, Dakar, Sénégal",https://images.coinafrique.com/thumb_5365742_uploaded_image1_1749418905.jpg
Chaussures  homme,10000.0,"Parcelle Assainies, Dakar, Sénégal",https://images.coinafrique.com/thumb_5642098_uploaded_image1_1764157446.jpg
Chaussures Vans,20000.0,"Mermoz-Sacré Coeur, Dakar, Sénégal",https://images.coinafrique.com/thumb_5332230_uploaded_image1_1747444488.jpg
Baskets homme,14000.0,"Parcelle Assainies, Dakar, Sénégal",https://images.coinafrique.com/thumb_5369353_uploaded_image1_1749639708.jpg
Baskets Jordan 4,12500.0,"Grand Yoff, Dakar, Sénégal",https://images.coinafrique.com/thumb_5371443_uploaded_image1_1749742989.jpg
Chaussures TN,13500.0,"Grand Yoff, Dakar, Sénégal",https://images.coinafrique.com/thumb_5371448_uploaded_image1_1749743120.jpg
Chaussures  homme,20000.0,"Dakar, Sénégal",https://images.coinafrique.com/thumb_5771511_uploaded_image1_1770903306.jpg
Baskets Jordan Treize,21000.0,"Dakar, Sénégal",https://images.coinafrique.com/thumb_5379616_uploaded_image1_1750201036.jpg
Chaussures Berluti,25000.0,"Parcelle Assainies, Dakar, Sénégal",https://images.coinafrique.com/thumb_5355402_uploaded_image1_1748811821.jpg
Chaussures Zara,30000.0,"Parcelle Assainies, Dakar, Sénégal",https://images.coinafrique.com/thumb_5355405_uploaded_image1_1748811936.jpg
Sandales en cuir,8000.0,"Dakar Plateau, Dakar, Sénégal",https://images.coinafrique.com/thumb_5595893_uploaded_image1_1761763941.jpg
Sandales Hermès,20000.0,"Sicap Liberté, Dakar, Sénégal",https://images.coinafrique.com/thumb_5393539_uploaded_image1_1750952929.jpg
Mocassins homme,5500.0,"Yoff, Dakar, Sénégal",https://images.coinafrique.com/thumb_5443044_uploaded_image1_1753540937.jpg
Baskets New Balance,25000.0,"Dakar, Sénégal",https://images.coinafrique.com/thumb_5662321_uploaded_image1_1765216328.jpg
Chaussures Berluti,20000.0,"Dakar, Sénégal",https://images.coinafrique.com/thumb_5359038_uploaded_image1_1748978250.jpg
Chaussures  Nike portal,25000.0,"Dakar, Sénégal",https://images.coinafrique.com/thumb_5359143_uploaded_image1_1748982874.jpg
Sandale Dior alpha,17000.0,"Dakar, Sénégal",https://images.coinafrique.com/thumb_5656452_uploaded_image1_1764880848.jpg
Baskets Asic Cayono,27000.0,"Dakar, Sénégal",https://images.coinafrique.com/thumb_5371936_uploaded_image1_1749765298.jpg
Sandales Toga,25000.0,"Dakar, Sénégal",https://images.coinafrique.com/thumb_5381435_uploaded_image1_1750290863.jpg
New Balance Fuel cell,25000.0,"Dakar, Sénégal",https://images.coinafrique.com/thumb_5656501_uploaded_image1_1764882356.jpg
Chaussures New Balance,30000.0,"Ouest Foire, Dakar, Sénégal",https://images.coinafrique.com/thumb_5399692_uploaded_image1_1751338580.jpg
Sandales orthopédique,15000.0,"Dakar, Sénégal",https://images.coinafrique.com/thumb_5662788_uploaded_image1_1765241793.jpg
Timberlands homme,25000.0,"Dakar, Sénégal",https://images.coinafrique.com/thumb_5399763_uploaded_image1_1751349629.jpg
Chaussures Tommy,22000.0,"Dakar, Sénégal",https://images.coinafrique.com/thumb_5399767_uploaded_image1_1751349787.jpg
Sandales homme,10000.0,"Colobane, Dakar, Sénégal",https://images.coinafrique.com/thumb_5399783_uploaded_image1_1751350820.jpg
Nike Air force 1 cacao,20000.0,"Dakar, Sénégal",https://images.coinafrique.com/thumb_5664658_uploaded_image1_1765320885.jpg
Chaussures Nike Vomero,25000.0,"Parcelle Assainies, Dakar, Sénégal",https://images.coinafrique.com/thumb_5400128_uploaded_image1_1751366626.jpg
Baskets Jordan 4 RM,25000.0,"Dakar, Sénégal",https://images.coinafrique.com/thumb_5567808_uploaded_image1_1760100111.jpg
Chaussures Air Jordan one low,17000.0,"Dakar, Sénégal",https://images.coinafrique.com/thumb_5376698_uploaded_image1_1750070197.jpg
Chaussures Air Louis vuitton,20000.0,"Ouest Foire, Dakar, Sénégal",https://images.coinafrique.com/thumb_5400189_uploaded_image1_1751368396.jpg
Chaussures Berluti,25000.0,"Ouest Foire, Dakar, Sénégal",https://images.coinafrique.com/thumb_5400882_uploaded_image1_1751384100.jpg
Baskets Air force 1 montante,17000.0,"Dakar, Sénégal",https://images.coinafrique.com/thumb_5656516_uploaded_image1_1764882787.jpg
Baskets Air Max scorpion,30000.0,"Dakar, Sénégal",https://images.coinafrique.com/thumb_5386909_uploaded_image1_1750612990.jpg
Baskets Dior B22,27000.0,"Dakar, Sénégal",https://images.coinafrique.com/thumb_5481397_uploaded_image1_1755545755.jpg
Baskets Adidas campus,17000.0,"Dakar, Sénégal",https://images.coinafrique.com/thumb_5551113_uploaded_image1_1759265168.jpg
Sandales Gucci,17000.0,"Dakar, Sénégal",https://images.coinafrique.com/thumb_5360720_uploaded_image1_1749061990.jpg
Sandales homme,8000.0,"Dakar, Sénégal",https://images.coinafrique.com/thumb_5627951_uploaded_image1_1763472221.jpg
Sandales Berluti,17000.0,"Dakar, Sénégal",https://images.coinafrique.com/thumb_5361104_uploaded_image1_1749078905.jpg
Baskets New Balance Fuel Cell,27000.0,"Dakar, Sénégal",https://images.coinafrique.com/thumb_5365693_uploaded_image1_1749417266.jpg
Baskets Adidas Samba,30000.0,"Dakar, Sénégal",https://images.coinafrique.com/thumb_5758567_uploaded_image1_1770231739.jpg
Baskets Jordan One Low,25000.0,"Dakar, Sénégal",https://images.coinafrique.com/thumb_5365709_uploaded_image1_1749417739.jpg
Baskets Nike Zoomx,25000.0,"Dakar, Sénégal",https://images.coinafrique.com/thumb_5365707_uploaded_image1_1749417627.jpg
Baskets Nike P6000,25000.0,"Dakar, Sénégal",https://images.coinafrique.com/thumb_5656495_uploaded_image1_1764882253.jpg
Baskets Louis vuitton,22000.0,"Dakar, Sénégal",https://images.coinafrique.com/thumb_5656538_uploaded_image1_1764883544.jpg
Baskets Adidas Super Star,20000.0,"Dakar, Sénégal",https://images.coinafrique.com/thumb_5365715_uploaded_image1_1749417986.jpg
Baskets Timberland boots,30000.0,"Dakar, Sénégal",https://images.coinafrique.com/thumb_5670176_uploaded_image1_1765576010.jpg
Baskets Air Jordan 1,20000.0,"Dakar, Sénégal",https://images.coinafrique.com/thumb_5365739_uploaded_image1_1749418736.jpg
Baskets AF1 / The Nord Face,22000.0,"Dakar, Sénégal",https://images.coinafrique.com/thumb_5365735_uploaded_image1_1749418626.jpg
Baskets Lacoste Trainer L003,30000.0,"Dakar, Sénégal",https://images.coinafrique.com/thumb_5365745_uploaded_image1_1749419070.jpg
Chaussures Crocs,9000.0,"Dakar, Sénégal",https://images.coinafrique.com/thumb_5379660_uploaded_image1_1750203700.jpg
Baskets Air Jordan 6,25000.0,"Dakar, Sénégal",https://images.coinafrique.com/thumb_5366456_uploaded_image1_1749474268.jpg
Baskets Nike TN,17000.0,"Dakar, Sénégal",https://images.coinafrique.com/thumb_5656485_uploaded_image1_1764881869.jpg
Crocs sandales orthopédiques,5500.0,"Sicap Liberté, Dakar, Sénégal",https://images.coinafrique.com/thumb_5409504_uploaded_image1_1751807094.jpg
Baskets Jordan 4 rétro,25000.0,"Dakar, Sénégal",https://images.coinafrique.com/thumb_5656461_uploaded_image1_1764881200.jpg
Baskets  Jordan 14,28000.0,"Dakar, Sénégal",https://images.coinafrique.com/thumb_5413151_uploaded_image1_1751991507.jpg
Baskets Vans Knu School,25000.0,"Dakar, Sénégal",https://images.coinafrique.com/thumb_5415335_uploaded_image1_1752087446.jpg
Chaussures Noctar Noir,20000.0,"Dakar Plateau, Dakar, Sénégal",https://images.coinafrique.com/thumb_5422186_uploaded_image1_1752481465.jpg
Peugeot 308 2019,4500000.0,"Mermoz-Sacré Coeur, Dakar, Sénégal",https://images.coinafrique.com/thumb_5424516_uploaded_image1_1752591026.jpg
Baskets Nike Victory One,12000.0,"Yoff, Dakar, Sénégal",https://images.coinafrique.com/thumb_5427161_uploaded_image1_1752705753.jpg
Mocassins homme,25000.0,"Ouest Foire, Dakar, Sénégal",https://images.coinafrique.com/thumb_5432805_uploaded_image1_1753058866.jpg
Sandales orthopédique,15000.0,"Dakar Plateau, Dakar, Sénégal",https://images.coinafrique.com/thumb_5762297_uploaded_image1_1770399973.jpg
Chaussures Berluti,15000.0,"Diamalaye 1, Dakar, Sénégal",https://images.coinafrique.com/thumb_5659090_uploaded_image1_1765032457.jpg
Sneakers Jordan One,35000.0,"Grand Dakar, Dakar, Sénégal",https://images.coinafrique.com/thumb_5439386_uploaded_image1_1753370342.jpg
Chaussures Sebago,11000.0,"Diamalaye 1, Dakar, Sénégal",https://images.coinafrique.com/thumb_5439930_uploaded_image1_1753390815.jpg
Sandales orthopédiques en cuir,15000.0,"Sacré-Coeur, Dakar, Sénégal",https://images.coinafrique.com/thumb_5485222_uploaded_image1_1755729900.jpg
Baskets New Balance 9060,25000.0,"Colobane, Dakar, Sénégal",https://images.coinafrique.com/thumb_5448181_uploaded_image1_1753811463.jpg
Chaussures Air Force,12000.0,"Ouakam, Dakar, Sénégal",https://images.coinafrique.com/thumb_5449964_uploaded_image1_1753891204.jpg
Chaussures Adidas,17990.0,"Point E, Dakar, Sénégal",https://images.coinafrique.com/thumb_5453721_uploaded_image1_1754056345.jpg
Baskets Dior CD,25000.0,"Yoff, Dakar, Sénégal",https://images.coinafrique.com/thumb_5454069_uploaded_image1_1754069956.jpg
Crocs homme,5000.0,"Dakar, Sénégal",https://images.coinafrique.com/thumb_5466478_uploaded_image1_1754685616.jpg
Baskets Asic Gel Kayano14,27000.0,"Dakar, Sénégal",https://images.coinafrique.com/thumb_5469372_uploaded_image1_1754860228.jpg
Baskets Air Force,12000.0,"Parcelle Assainies, Dakar, Sénégal",https://images.coinafrique.com/thumb_5471063_uploaded_image2_1754940084.jpeg
Chaussures Balance cecuhri,25000.0,"Fass, Dakar, Sénégal",https://images.coinafrique.com/thumb_5426252_uploaded_image1_1752671625.jpg
Chaussures Balance Cecuhri cD Dior,20000.0,"Fass, Dakar, Sénégal",https://images.coinafrique.com/thumb_5426238_uploaded_image1_1752671136.jpg
Chaussures Campus,14900.0,"Dakar, Sénégal",https://images.coinafrique.com/thumb_5745914_uploaded_image1_1769593852.jpg
Chaussures Burberry,18000.0,"Dakar, Sénégal",https://images.coinafrique.com/thumb_5473580_uploaded_image1_1755087073.jpg
Baskets Timberland,30000.0,"Dakar, Sénégal",https://images.coinafrique.com/thumb_5656479_uploaded_image1_1764881761.jpg
Baskets Nike Air Max,12000.0,"Parcelle Assainies, Dakar, Sénégal",https://images.coinafrique.com/thumb_5494173_uploaded_image1_1756232066.jpg
Chaussures Luis Vuitton,8000.0,"Colobane, Dakar, Sénégal",https://images.coinafrique.com/thumb_5495818_uploaded_image1_1756309876.jpg
Crocs,10000.0,"Ngor, Dakar, Sénégal",https://images.coinafrique.com/thumb_5498380_uploaded_image1_1756470516.jpg
Chaussures Adidas,11000.0,"Diamalaye 1, Dakar, Sénégal",https://images.coinafrique.com/thumb_5498640_uploaded_image1_1756479495.jpg
Sandales femme,4000.0,"Yoff, Dakar, Sénégal",https://images.coinafrique.com/thumb_5499774_uploaded_image1_1756552225.jpg
Chaussures Nike sb,25000.0,"Dakar, Sénégal",https://images.coinafrique.com/thumb_5504369_uploaded_image1_1756806339.jpg
Chaussures Luis vuitton s4,25000.0,"Dakar, Sénégal",https://images.coinafrique.com/thumb_5504373_uploaded_image1_1756806570.jpg
Nike shox r4,25000.0,"Dakar, Sénégal",https://images.coinafrique.com/thumb_5683579_uploaded_image1_1766328567.jpg
Chaussures Balenciaga,25000.0,"Dakar Plateau, Dakar, Sénégal",https://images.coinafrique.com/thumb_5593164_uploaded_image1_1761605705.jpg
Chaussures  homme,25000.0,"Dakar, Sénégal",https://images.coinafrique.com/thumb_5771502_uploaded_image1_1770903126.jpg
New Balance 1906,25000.0,"Dakar, Sénégal",https://images.coinafrique.com/thumb_5697825_uploaded_image1_1767208036.jpg
Baskets Adidas adizero,27000.0,"Dakar, Sénégal",https://images.coinafrique.com/thumb_5552010_uploaded_image1_1759307377.jpg
Baskets New Balance fresh foam,25000.0,"Dakar, Sénégal",https://images.coinafrique.com/thumb_5552446_uploaded_image1_1759318432.jpg
Baskets Asic 1130,25000.0,"Dakar, Sénégal",https://images.coinafrique.com/thumb_5656446_uploaded_image1_1764880658.jpg
Baskets Air Max 95,20000.0,"Dakar, Sénégal",https://images.coinafrique.com/thumb_5656457_uploaded_image1_1764881079.jpg
Balanciaga 3XL,27000.0,"Dakar, Sénégal",https://images.coinafrique.com/thumb_5552640_uploaded_image1_1759323253.jpg
Baskets Vans knu scool,20000.0,"Dakar, Sénégal",https://images.coinafrique.com/thumb_5552664_uploaded_image1_1759323810.jpg
Baskets Yeezy 700 v2,20000.0,"Dakar, Sénégal",https://images.coinafrique.com/thumb_5552657_uploaded_image1_1759323687.jpg
Baskets  Reebok,22000.0,"Dakar, Sénégal",https://images.coinafrique.com/thumb_5552649_uploaded_image1_1759323592.jpg
Baskets Crampon phantom,25000.0,"Dakar, Sénégal",https://images.coinafrique.com/thumb_5552695_uploaded_image1_1759324410.jpg
Chaussures TN full Black,17000.0,"Dakar, Sénégal",https://images.coinafrique.com/thumb_5581215_uploaded_image1_1760883280.jpg
Chaussures Nike zoom running,15000.0,"Dakar, Sénégal",https://images.coinafrique.com/thumb_5581224_uploaded_image1_1760883477.jpg
Baskets Adidas/ Adistar répétitor,18000.0,"Dakar, Sénégal",https://images.coinafrique.com/thumb_5758312_uploaded_image1_1770221944.jpg
Baskets New Balance 1000,25000.0,"Dakar, Sénégal",https://images.coinafrique.com/thumb_5664664_uploaded_image1_1765321021.jpg
Baskets Adidas superstar,25000.0,"Dakar, Sénégal",https://images.coinafrique.com/thumb_5587688_uploaded_image1_1761224531.jpg
Sandales homme,25000.0,"Dakar Plateau, Dakar, Sénégal",https://images.coinafrique.com/thumb_5713963_uploaded_image1_1768047987.jpg
Baskets New Balance,25000.0,"Fass, Dakar, Sénégal",https://images.coinafrique.com/thumb_5557732_uploaded_image1_1759538261.jpg
Baskets All Star,15000.0,"Dakar, Sénégal",https://images.coinafrique.com/thumb_5599179_uploaded_image1_1761936293.jpg
Bottes homme,28000.0,"Dakar Plateau, Dakar, Sénégal",https://images.coinafrique.com/thumb_5600232_uploaded_image1_1762007958.jpg
Chaussures bouts,25000.0,"Dakar, Sénégal",https://images.coinafrique.com/thumb_5600244_uploaded_image1_1762008703.jpg
Mocassins homme,14000.0,"Dakar, Sénégal",https://images.coinafrique.com/thumb_5681879_uploaded_image1_1766220813.jpg
Sandales Alexandre MC Queen,5000.0,"Rufisque, Sénégal",https://images.coinafrique.com/thumb_5607540_uploaded_image1_1762380090.jpg
Sneakers homme,15000.0,"Almadies, Dakar, Sénégal",https://images.coinafrique.com/thumb_5610449_uploaded_image1_1762521706.jpg
Chaussures en cuir,16000.0,"Almadies, Dakar, Sénégal",https://images.coinafrique.com/thumb_5610456_uploaded_image1_1762521928.jpg
Baskets Nike,25000.0,"Colobane, Dakar, Sénégal",https://images.coinafrique.com/thumb_5613411_uploaded_image1_1762726719.jpg
Tapettes homme,15000.0,"Dakar Plateau, Dakar, Sénégal",https://images.coinafrique.com/thumb_5618783_uploaded_image1_1762964858.jpg
Balenciaga,25000.0,"Parcelle Assainies, Dakar, Sénégal",https://images.coinafrique.com/thumb_5618425_uploaded_image1_1762956121.jpg
Babouches  homme,10000.0,"Point E, Dakar, Sénégal",https://images.coinafrique.com/thumb_5619673_uploaded_image1_1763023060.jpg
Chaussures Hugo Boss,25000.0,"Colobane, Dakar, Sénégal",https://images.coinafrique.com/thumb_5622144_uploaded_image1_1763141369.jpg
Chaussures en daim Zara,25000.0,"Ouakam, Dakar, Sénégal",https://images.coinafrique.com/thumb_5630025_uploaded_image1_1763560555.jpg
Baskets Asics,12000.0,"Parcelle Assainies, Dakar, Sénégal",https://images.coinafrique.com/thumb_5630752_uploaded_image1_1763589625.jpg
Chaussures avec chapeau,8000.0,"Grand Dakar, Dakar, Sénégal",https://images.coinafrique.com/thumb_5646405_uploaded_image1_1764371847.jpg
Chaussures Friperie,4000.0,"Yoff, Dakar, Sénégal",https://images.coinafrique.com/thumb_5647291_uploaded_image1_1764432742.jpg
Chaussures Timberland,35000.0,"Colobane, Dakar, Sénégal",https://images.coinafrique.com/thumb_5748200_uploaded_image1_1769697271.jpg
Baskets Nocta,25000.0,"Colobane, Dakar, Sénégal",https://images.coinafrique.com/thumb_5653847_uploaded_image1_1764763835.jpg
Baskets Nike TN,15000.0,"Parcelle Assainies, Dakar, Sénégal",https://images.coinafrique.com/thumb_5716742_uploaded_image1_1768223689.jpg
Baskets Nike Air Max 95,20000.0,"Dakar, Sénégal",https://images.coinafrique.com/thumb_5609154_uploaded_image1_1762451266.jpg
Baskets homme,6500.0,"Yoff, Dakar, Sénégal",https://images.coinafrique.com/thumb_5662700_uploaded_image2_1765231883.jpeg
Mocassins Croco,5500.0,"Yoff, Dakar, Sénégal",https://images.coinafrique.com/thumb_5662701_uploaded_image1_1765232143.jpg
Sandales homme,3500.0,"Parcelle Assainies, Dakar, Sénégal",https://images.coinafrique.com/thumb_5663265_uploaded_image1_1765271794.jpg
Sandales hommes,20000.0,"Sicap Liberté, Dakar, Sénégal",https://images.coinafrique.com/thumb_5670966_uploaded_image1_1765632751.jpg
Baskets Vans Old Skool,22000.0,"Dakar, Sénégal",https://images.coinafrique.com/thumb_5675964_uploaded_image1_1765915814.jpg
Chaussures de ville Berlutti,17000.0,"Colobane, Dakar, Sénégal",https://images.coinafrique.com/thumb_5679637_uploaded_image1_1766094709.jpg
Chaussures homme,15000.0,"Dakar, Sénégal",https://images.coinafrique.com/thumb_5774677_uploaded_image1_1771092238.jpg
Baskets New Balance,15000.0,"Almadies 2, Dakar, Sénégal",https://images.coinafrique.com/thumb_5683537_uploaded_image1_1766325898.jpg
Chaussures en cuir,17000.0,"Almadies 2, Dakar, Sénégal",https://images.coinafrique.com/thumb_5683541_uploaded_image1_1766326033.jpg
Mocassins homme,12000.0,"Dakar Plateau, Dakar, Sénégal",https://images.coinafrique.com/thumb_5716397_uploaded_image1_1768212595.jpg
Babouches Kubok,15000.0,"Dakar Plateau, Dakar, Sénégal",https://images.coinafrique.com/thumb_5691946_uploaded_image1_1766844142.jpg
Babouches Mercedes,18000.0,"Dakar Plateau, Dakar, Sénégal",https://images.coinafrique.com/thumb_5691951_uploaded_image1_1766844530.jpg
Chaussures orthopédique,20000.0,"Grand Yoff, Dakar, Sénégal",https://images.coinafrique.com/thumb_5696622_uploaded_image1_1767118569.jpg
Crocs homme,12000.0,"Parcelle Assainies, Dakar, Sénégal",https://images.coinafrique.com/thumb_5782015_uploaded_image1_1771503221.jpg
Vans Timberland,17000.0,"Dakar, Sénégal",https://images.coinafrique.com/thumb_5746866_uploaded_image1_1769619782.jpg
Lacoste Gripshot,25000.0,"Dakar, Sénégal",https://images.coinafrique.com/thumb_5683925_uploaded_image1_1766347889.jpg
Nike Air Max 95,25000.0,"Dakar, Sénégal",https://images.coinafrique.com/thumb_5666574_uploaded_image1_1765401723.jpg
Louis vuitton alden,25000.0,"Dakar, Sénégal",https://images.coinafrique.com/thumb_5659605_uploaded_image1_1765061738.jpg
Baskets Vomero 5 grey,25000.0,"Dakar, Sénégal",https://images.coinafrique.com/thumb_5670091_uploaded_image1_1765572375.jpg
Baskets Air Force one low,25000.0,"Dakar, Sénégal",https://images.coinafrique.com/thumb_5670087_uploaded_image1_1765572281.jpg
Baskets Nike shox,25000.0,"Dakar, Sénégal",https://images.coinafrique.com/thumb_5670096_uploaded_image1_1765572588.jpg
Chaussures  homme,25000.0,"Dakar, Sénégal",https://images.coinafrique.com/thumb_5771496_uploaded_image1_1770903006.jpg
Asic kayono 14,25000.0,"Dakar, Sénégal",https://images.coinafrique.com/thumb_5656440_uploaded_image1_1764880329.jpg
Baskets Saucony,25000.0,"Dakar, Sénégal",https://images.coinafrique.com/thumb_5656454_uploaded_image1_1764880975.jpg
Dior b22,25000.0,"Dakar, Sénégal",https://images.coinafrique.com/thumb_5666582_uploaded_image1_1765401850.jpg
Baskets Jordan 3 rétro,20000.0,"Dakar, Sénégal",https://images.coinafrique.com/thumb_5658114_uploaded_image1_1764969274.jpg
Baskets Jordan 3,20000.0,"Dakar, Sénégal",https://images.coinafrique.com/thumb_5656508_uploaded_image1_1764882568.jpg
Asic Gel Nyc,25000.0,"Dakar, Sénégal",https://images.coinafrique.com/thumb_5656524_uploaded_image1_1764883061.jpg
Louis vuitton skate,25000.0,"Dakar, Sénégal",https://images.coinafrique.com/thumb_5656527_uploaded_image1_1764883123.jpg
Baskets Jordan 1,25000.0,"Dakar, Sénégal",https://images.coinafrique.com/thumb_5656536_uploaded_image1_1764883328.jpg
Dior cd,25000.0,"Dakar, Sénégal",https://images.coinafrique.com/thumb_5656533_uploaded_image1_1764883235.jpg
Baskets Fendi,22000.0,"Dakar, Sénégal",https://images.coinafrique.com/thumb_5656541_uploaded_image1_1764883603.jpg
Baskets New Balance 740,25000.0,"Dakar, Sénégal",https://images.coinafrique.com/thumb_5675114_uploaded_image1_1765885442.jpg
Baskets Nike Nocta,30000.0,"Dakar, Sénégal",https://images.coinafrique.com/thumb_5688212_uploaded_image1_1766588802.jpg
Nice Air Max,25000.0,"Dakar, Sénégal",https://images.coinafrique.com/thumb_5658154_uploaded_image1_1764971268.jpg
Baskets Nike Air Max moto,25000.0,"Dakar, Sénégal",https://images.coinafrique.com/thumb_5658145_uploaded_image1_1764970934.jpg
Chaussures de ville,20000.0,"Dakar, Sénégal",https://images.coinafrique.com/thumb_5660977_uploaded_image1_1765145540.jpg
Chaussures  homme,25000.0,"Dakar, Sénégal",https://images.coinafrique.com/thumb_5771489_uploaded_image1_1770902889.jpg
Baskets Air force one,25000.0,"Dakar, Sénégal",https://images.coinafrique.com/thumb_5683004_uploaded_image1_1766275716.jpg
Chaussures  homme,23000.0,"Dakar, Sénégal",https://images.coinafrique.com/thumb_5771368_uploaded_image1_1770899493.jpg
Baskets Puma speedcat blue,25000.0,"Dakar, Sénégal",https://images.coinafrique.com/thumb_5686398_uploaded_image1_1766492033.jpg
Chaussures New Balance 740,25000.0,"Dakar, Sénégal",https://images.coinafrique.com/thumb_5675109_uploaded_image1_1765885332.jpg
Baskets New Balance 1906,25000.0,"Dakar, Sénégal",https://images.coinafrique.com/thumb_5675150_uploaded_image1_1765886318.jpg
Jordan 11,23000.0,"Dakar, Sénégal",https://images.coinafrique.com/thumb_5682349_uploaded_image1_1766243825.jpg
Nike free metcon6,25000.0,"Dakar, Sénégal",https://images.coinafrique.com/thumb_5697826_uploaded_image1_1767208183.jpg
Baskets Prada,30000.0,"Dakar, Sénégal",https://images.coinafrique.com/thumb_5690656_uploaded_image1_1766775047.jpg
Baskets Jordan 5,25000.0,"Dakar, Sénégal",https://images.coinafrique.com/thumb_5690650_uploaded_image1_1766774637.jpg
Puma Magmax nitro,25000.0,"Dakar, Sénégal",https://images.coinafrique.com/thumb_5697829_uploaded_image1_1767208462.jpg
New Balance X lord piana,25000.0,"Dakar, Sénégal",https://images.coinafrique.com/thumb_5697830_uploaded_image1_1767208577.jpg
Asic NYC,25000.0,"Dakar, Sénégal",https://images.coinafrique.com/thumb_5685344_uploaded_image1_1766430679.jpg
Asic 1130,25000.0,"Dakar, Sénégal",https://images.coinafrique.com/thumb_5685340_uploaded_image1_1766430589.jpg
Crocs Vip,15000.0,"Ouest Foire, Dakar, Sénégal",https://images.coinafrique.com/thumb_5703224_uploaded_image1_1767565279.jpg
Crocs homme,10000.0,"Ouest Foire, Dakar, Sénégal",https://images.coinafrique.com/thumb_5703227_uploaded_image1_1767565385.jpg
Baskets homme,6000.0,"Diourbel, Sénégal",https://images.coinafrique.com/thumb_5708139_uploaded_image1_1767785128.jpg
Chaussures orthopédiques,10000.0,"Medina, Dakar, Sénégal",https://images.coinafrique.com/thumb_5716881_uploaded_image1_1768228848.jpg
Baskets Adidas Samba,20000.0,"Colobane, Dakar, Sénégal",https://images.coinafrique.com/thumb_5719018_uploaded_image1_1768319934.jpg
Baskets New Balance 530,25000.0,"Colobane, Dakar, Sénégal",https://images.coinafrique.com/thumb_5719023_uploaded_image1_1768320082.jpg
Baskets New Balance 1000,25000.0,"Colobane, Dakar, Sénégal",https://images.coinafrique.com/thumb_5719027_uploaded_image1_1768320204.jpg
Baskets Sebago,13000.0,"Colobane, Dakar, Sénégal",https://images.coinafrique.com/thumb_5719030_uploaded_image1_1768320367.jpg
Crocs homme,8000.0,"Keur Massar, Sénégal",https://images.coinafrique.com/thumb_5720276_uploaded_image1_1768382635.jpg
Baskets Hermes Chypre,10000.0,"Parcelle Assainies, Dakar, Sénégal",https://images.coinafrique.com/thumb_5724452_uploaded_image1_1768570104.jpg
Chaussures Sebago,13000.0,"Colobane, Dakar, Sénégal",https://images.coinafrique.com/thumb_5737758_uploaded_image1_1769194673.jpg
Timberlands Louis Vouitton,35000.0,"Ouest Foire, Dakar, Sénégal",https://images.coinafrique.com/thumb_5740532_uploaded_image1_1769344299.jpg
Baskets New Balance 1000,30000.0,"Ouest Foire, Dakar, Sénégal",https://images.coinafrique.com/thumb_5740531_uploaded_image1_1769344168.jpg
Chaussures TN,14900.0,"Dakar, Sénégal",https://images.coinafrique.com/thumb_5745917_uploaded_image1_1769593923.jpg
Baskets Hugo Boss,20000.0,"Colobane, Dakar, Sénégal",https://images.coinafrique.com/thumb_5748195_uploaded_image1_1769697106.jpg
Baskets Air Force One,12000.0,"Ouest Foire, Dakar, Sénégal",https://images.coinafrique.com/thumb_5748304_uploaded_image1_1769701708.jpg
Sneakers navy flex,30000.0,"Colobane, Dakar, Sénégal",https://images.coinafrique.com/thumb_5759795_uploaded_image1_1770295782.jpg
Jordan 4 authentiques originales,40000.0,"Dakar Plateau, Dakar, Sénégal",https://images.coinafrique.com/thumb_5760593_uploaded_image1_1770325855.jpg
Babouches en cuir,14000.0,"Medina, Dakar, Sénégal",https://images.coinafrique.com/thumb_5770309_uploaded_image1_1770844995.jpg
Chaussures Hermès,140000.0,"Medina, Dakar, Sénégal",https://images.coinafrique.com/thumb_5773512_uploaded_image1_1771005158.jpg
Sneaker,30000.0,"Parcelle Assainies, Dakar, Sénégal",https://images.coinafrique.com/thumb_5777043_uploaded_image1_1771263740.jpg
Chaussures homme en cuir,1300.0,"Medina, Dakar, Sénégal",https://images.coinafrique.com/thumb_5777594_uploaded_image1_1771289196.jpg
Chaussures  homme,25000.0,"Dakar, Sénégal",https://images.coinafrique.com/thumb_5771400_uploaded_image1_1770900243.jpg
Nike P6000,25000.0,"Dakar, Sénégal",https://images.coinafrique.com/thumb_5771410_uploaded_image1_1770900442.jpg
