type habits,prix,adresse,image_lien
Costumes et tenues africaines,35000.0,"Dieuppeul-Derklé, Dakar, Sénégal",https://images.coinafrique.com/thumb_4968391_uploaded_image1_1727697449.jpg
chemise lin,8000.0,"Guediawaye, Dakar, Sénégal",https://images.coinafrique.com/thumb_4968714_uploaded_image1_1727707756.jpg
Shorts coton,8000.0,"Colobane, Dakar, Sénégal",https://images.coinafrique.com/thumb_5374534_uploaded_image1_1749919474.jpg
Ensemble caleçons + débardeurs  homme,6000.0,"Dieuppeul-Derklé, Dakar, Sénégal",https://images.coinafrique.com/thumb_3650018_uploaded_image1_1649757791.jpg
Pantalon jonguine,7000.0,"Keur Massar, Sénégal",https://images.coinafrique.com/thumb_4980672_uploaded_image1_1728290459.jpg
Tee-shirt en coton pour homme,4000.0,"Grand Dakar, Dakar, Sénégal",https://images.coinafrique.com/thumb_5463022_uploaded_image1_1754517200.jpg
Ensemble homme,5000.0,"Thies, Sénégal",https://images.coinafrique.com/thumb_4985171_uploaded_image1_1728490161.jpg
Complet homme,13000.0,"Dakar, Sénégal",https://images.coinafrique.com/thumb_4987767_uploaded_image1_1728602707.jpg
Abaya marocaine,7500.0,"Dakar Plateau, Dakar, Sénégal",https://images.coinafrique.com/thumb_4987957_uploaded_image1_1728624109.jpg
Ensembles Jalabas Homme,9000.0,"Dakar, Sénégal",https://images.coinafrique.com/thumb_5776991_uploaded_image1_1771261720.jpg
Vetement homme,5000.0,"Fass, Dakar, Sénégal",https://images.coinafrique.com/thumb_5127469_uploaded_image1_1736445621.jpg
Ensemble Adidas,35000.0,"Grand Dakar, Dakar, Sénégal",https://images.coinafrique.com/thumb_4997542_uploaded_image2_1729108754.jpeg
Ensemble pantalon,15000.0,"Guediawaye, Dakar, Sénégal",https://images.coinafrique.com/thumb_5329465_uploaded_image1_1747315368.jpg
Ensemble vêtements homme,10000.0,"Guediawaye, Dakar, Sénégal",https://images.coinafrique.com/thumb_5255096_uploaded_image1_1743180713.jpg
T-shirts en coton,5000.0,"Thies, Sénégal",https://images.coinafrique.com/thumb_4960433_uploaded_image1_1727215491.jpg
Ensemble homme,7000.0,"Dakar, Sénégal",https://images.coinafrique.com/thumb_3661182_uploaded_image1_1650406276.jpg
Pantalon kaki,8000.0,"Dakar, Sénégal",https://images.coinafrique.com/thumb_5379655_uploaded_image1_1750203441.jpg
T-shirts TCP,7000.0,"Keur Massar, Sénégal",https://images.coinafrique.com/thumb_5271254_uploaded_image1_1744089163.jpg
Djellaba pour homme avec pantalon,10000.0,"Colobane, Dakar, Sénégal",https://images.coinafrique.com/thumb_5743341_uploaded_image1_1769469453.jpg
Ensemble homme,15000.0,"Colobane, Dakar, Sénégal",https://images.coinafrique.com/thumb_5640578_uploaded_image1_1764085646.jpg
Polo Lacoste pour enfant,4000.0,"Colobane, Dakar, Sénégal",https://images.coinafrique.com/thumb_4961359_uploaded_image1_1727266345.jpg
Ensemble homme adulte a 15ans,7000.0,"Colobane, Dakar, Sénégal",https://images.coinafrique.com/thumb_4961371_uploaded_image1_1727266653.jpg
Ensemble homme turquie,12000.0,"Colobane, Dakar, Sénégal",https://images.coinafrique.com/thumb_5017680_uploaded_image1_1730277354.jpg
T-shirt homme,7000.0,"Colobane, Dakar, Sénégal",https://images.coinafrique.com/thumb_4961438_uploaded_image1_1727268883.jpg
Casquette homme,4000.0,"Colobane, Dakar, Sénégal",https://images.coinafrique.com/thumb_4961432_uploaded_image1_1727268622.jpg
T-shirt 100℅ cotton,4000.0,"Colobane, Dakar, Sénégal",https://images.coinafrique.com/thumb_5276220_uploaded_image1_1744317076.jpg
Liquête djiene,10000.0,"Colobane, Dakar, Sénégal",https://images.coinafrique.com/thumb_5682243_uploaded_image1_1766238454.jpg
T. Shirt perforè,5000.0,"Colobane, Dakar, Sénégal",https://images.coinafrique.com/thumb_4976517_uploaded_image1_1728030673.jpg
Sorts coton djiene,10000.0,"Colobane, Dakar, Sénégal",https://images.coinafrique.com/thumb_5374540_uploaded_image1_1749919718.jpg
Patalon,7000.0,"Dakar, Sénégal",https://images.coinafrique.com/thumb_5019694_uploaded_image1_1730382950.jpg
Ensemble blousons Nike teck,28000.0,"Dieuppeul-Derklé, Dakar, Sénégal",https://images.coinafrique.com/thumb_5020704_uploaded_image1_1730422547.jpg
Ensemble lin homme,15000.0,"Guediawaye, Dakar, Sénégal",https://images.coinafrique.com/thumb_5021535_uploaded_image1_1730468104.jpg
T-shirts Kaddù dund,4500.0,"Dakar, Sénégal",https://images.coinafrique.com/thumb_5586874_uploaded_image1_1761172153.jpg
T-shirt,2000.0,"HLM, Dakar, Sénégal",https://images.coinafrique.com/thumb_5029024_uploaded_image1_1730854647.jpg
Ensemble nike tech,30000.0,"Grand Dakar, Dakar, Sénégal",https://images.coinafrique.com/thumb_5588318_uploaded_image1_1761262014.jpg
Abaya homme,10000.0,"Parcelle Assainies, Dakar, Sénégal",https://images.coinafrique.com/thumb_4995725_uploaded_image1_1729028892.jpg
Jacket en jeans,12000.0,"Dakar, Sénégal",https://images.coinafrique.com/thumb_5657793_uploaded_image1_1764952502.jpg
Ensemble lacostes + kaki,13000.0,"Dakar, Sénégal",https://images.coinafrique.com/thumb_5669734_uploaded_image1_1765555257.jpg
Pantalon  homme,10000.0,"Grand Yoff, Dakar, Sénégal",https://images.coinafrique.com/thumb_5272402_uploaded_image1_1744132936.jpg
Ensemble homme,25000.0,"HLM, Dakar, Sénégal",https://images.coinafrique.com/thumb_5211095_uploaded_image1_1740973039.jpg
Pull Adidas,9000.0,"HLM, Dakar, Sénégal",https://images.coinafrique.com/thumb_5454584_uploaded_image1_1754095564.jpg
Ensemble homme,9500.0,"Grand Yoff, Dakar, Sénégal",https://images.coinafrique.com/thumb_5364994_uploaded_image1_1749376854.jpg
Pull-over jacket,25000.0,"Grand Dakar, Dakar, Sénégal",https://images.coinafrique.com/thumb_5055865_uploaded_image1_1732244969.jpg
Ensemble blouson,25000.0,"Grand Dakar, Dakar, Sénégal",https://images.coinafrique.com/thumb_5588312_uploaded_image1_1761261836.jpg
Vètments homme turquie,8000.0,"Colobane, Dakar, Sénégal",https://images.coinafrique.com/thumb_5017669_uploaded_image1_1730276939.jpg
Blouson homme turquie,12000.0,"Colobane, Dakar, Sénégal",https://images.coinafrique.com/thumb_5017658_uploaded_image1_1730276517.jpg
Vetement homme  L XL XXL,12000.0,"Colobane, Dakar, Sénégal",https://images.coinafrique.com/thumb_5017673_uploaded_image1_1730277083.jpg
T-shirt coton,4000.0,"Damel, Dakar, Sénégal",https://images.coinafrique.com/thumb_5064122_uploaded_image1_1732708928.jpg
pull collant unique colle rouler,5000.0,"Damel, Dakar, Sénégal",https://images.coinafrique.com/thumb_5064136_uploaded_image1_1732709317.jpg
Vestments  homme,10000.0,"Colobane, Dakar, Sénégal",https://images.coinafrique.com/thumb_5021532_uploaded_image1_1730468069.jpg
Lecket Jeans,12000.0,"Dakar, Sénégal",https://images.coinafrique.com/thumb_5066142_uploaded_image1_1732812604.jpg
Dialabé homme,10000.0,"Dakar, Sénégal",https://images.coinafrique.com/thumb_5149891_uploaded_image1_1737653080.jpg
Blouson Unisexe,10000.0,"Dakar Plateau, Dakar, Sénégal",https://images.coinafrique.com/thumb_5071960_uploaded_image1_1733157846.jpg
Pull cotton,4000.0,"Colobane, Dakar, Sénégal",https://images.coinafrique.com/thumb_5028884_uploaded_image1_1730844568.jpg
Costume africaine,40000.0,"Ngor, Dakar, Sénégal",https://images.coinafrique.com/thumb_5504240_uploaded_image1_1756801063.jpg
Gabardine rayure sans pantalon,12000.0,"Dakar Plateau, Dakar, Sénégal",https://images.coinafrique.com/thumb_5077927_uploaded_image1_1733419213.jpg
Djellaba lourde,18000.0,"Dakar Plateau, Dakar, Sénégal",https://images.coinafrique.com/thumb_5077966_uploaded_image1_1733420326.jpg
Slip  pour homme,1100.0,"Fass, Dakar, Sénégal",https://images.coinafrique.com/thumb_5035627_uploaded_image1_1731171841.jpg
Pantalon cargo,8000.0,"Dakar, Sénégal",https://images.coinafrique.com/thumb_5758901_uploaded_image1_1770244788.jpg
chemise carreaux,9000.0,"Parcelle Assainies, Dakar, Sénégal",https://images.coinafrique.com/thumb_5081925_uploaded_image1_1733662275.jpg
T-shirts homme,6000.0,"Fass, Dakar, Sénégal",https://images.coinafrique.com/thumb_5038258_uploaded_image1_1731333237.jpg
Tenue africain,25000.0,"Keur Massar, Sénégal",https://images.coinafrique.com/thumb_5082376_uploaded_image1_1733687615.jpg
Pantalon cargo,9000.0,"Sicap Liberté, Dakar, Sénégal",https://images.coinafrique.com/thumb_5083540_uploaded_image1_1733754885.jpg
Pull pour homme,12500.0,"Fass, Dakar, Sénégal",https://images.coinafrique.com/thumb_5186517_uploaded_image1_1739580333.jpg
collant pull a col rouler homme,5000.0,"Parcelle Assainies, Dakar, Sénégal",https://images.coinafrique.com/thumb_5080853_uploaded_image1_1733578155.jpg
Pull en jeans,14000.0,"Damel, Dakar, Sénégal",https://images.coinafrique.com/thumb_5084952_uploaded_image1_1733831208.jpg
chemise carreaux,8000.0,"Damel, Dakar, Sénégal",https://images.coinafrique.com/thumb_5085151_uploaded_image1_1733837545.jpg
Costume africain,30000.0,"Parcelle Assainies, Dakar, Sénégal",https://images.coinafrique.com/thumb_5486782_uploaded_image1_1755802563.jpg
Chemises homme,15000.0,"Dakar, Sénégal",https://images.coinafrique.com/thumb_5513618_uploaded_image1_1757271994.jpg
Pull homme,500.0,"Colobane, Dakar, Sénégal",https://images.coinafrique.com/thumb_5087584_uploaded_image1_1733950687.jpg
Blouson homme,12000.0,"Colobane, Dakar, Sénégal",https://images.coinafrique.com/thumb_5046290_uploaded_image1_1731706762.jpg
Jeans Carho homme,8000.0,"Damel, Dakar, Sénégal",https://images.coinafrique.com/thumb_5090250_uploaded_image1_1734092879.jpg
Chemise classe pour homme,10000.0,"Damel, Dakar, Sénégal",https://images.coinafrique.com/thumb_5090255_uploaded_image1_1734092997.jpg
Blouson homme en coton,10000.0,"Dakar, Sénégal",https://images.coinafrique.com/thumb_5090756_uploaded_image1_1734113501.jpg
Ensemble  femme,22500.0,"Fass, Dakar, Sénégal",https://images.coinafrique.com/thumb_5048700_uploaded_image1_1731877499.jpg
Ensemble  blouson homme,13500.0,"Fass, Dakar, Sénégal",https://images.coinafrique.com/thumb_5048722_uploaded_image1_1731877991.jpg
Chemise homme,10000.0,"Mariste, Dakar, Sénégal",https://images.coinafrique.com/thumb_5092529_uploaded_image1_1734245850.jpg
Ensemble homme,25000.0,"Dakar Plateau, Dakar, Sénégal",https://images.coinafrique.com/thumb_5713973_uploaded_image1_1768048230.jpg
Chemise EL hadji - Djallabe,10000.0,"Fass, Dakar, Sénégal",https://images.coinafrique.com/thumb_5052780_uploaded_image1_1732093902.jpg
Ensemble Lins,15000.0,"Dakar Plateau, Dakar, Sénégal",https://images.coinafrique.com/thumb_5095646_uploaded_image1_1734430818.jpg
Lacoste  coton,8500.0,"Fass, Dakar, Sénégal",https://images.coinafrique.com/thumb_5054125_uploaded_image1_1732145023.jpg
Blouson en coton,8000.0,"Dakar, Sénégal",https://images.coinafrique.com/thumb_5100696_uploaded_image1_1734700994.jpg
Ensemble pull  coton,16900.0,"Parcelle Assainies, Dakar, Sénégal",https://images.coinafrique.com/thumb_5101528_uploaded_image1_1734746493.jpg
Pull capison coton,8900.0,"Parcelle Assainies, Dakar, Sénégal",https://images.coinafrique.com/thumb_5101529_uploaded_image1_1734746594.jpg
Ensemble pull,16900.0,"Parcelle Assainies, Dakar, Sénégal",https://images.coinafrique.com/thumb_5101530_uploaded_image1_1734746678.jpg
Liquette bombos og,8900.0,"Parcelle Assainies, Dakar, Sénégal",https://images.coinafrique.com/thumb_5101531_uploaded_image1_1734746760.jpg
12 gens calisson,15000.0,"Parcelle Assainies, Dakar, Sénégal",https://images.coinafrique.com/thumb_5101532_uploaded_image1_1734746874.jpg
Jellaba homme,11000.0,"Dakar, Sénégal",https://images.coinafrique.com/thumb_5102016_uploaded_image1_1734786693.jpg
Madras chemise,12000.0,"Colobane, Dakar, Sénégal",https://images.coinafrique.com/thumb_5059323_uploaded_image1_1732454589.jpg
Chemises africaine pour homme,12000.0,"Grand Yoff, Dakar, Sénégal",https://images.coinafrique.com/thumb_5102794_uploaded_image1_1734858570.jpg
Pantalon Kaki homme,7000.0,"Dakar Plateau, Dakar, Sénégal",https://images.coinafrique.com/thumb_5525299_uploaded_image1_1757874845.jpg
Pull-over,7000.0,"Dakar, Sénégal",https://images.coinafrique.com/thumb_5657710_uploaded_image1_1764949465.jpg
Pull homme,6000.0,"Guediawaye, Dakar, Sénégal",https://images.coinafrique.com/thumb_5107087_uploaded_image2_1735155580.jpeg
Vetements homme,15000.0,"Colobane, Dakar, Sénégal",https://images.coinafrique.com/thumb_5066572_uploaded_image1_1732835951.jpg
Costum safari,50000.0,"Dakar, Sénégal",https://images.coinafrique.com/thumb_5108457_uploaded_image1_1735264866.jpg
Ensemble chemise,8000.0,"Dakar, Sénégal",https://images.coinafrique.com/thumb_5588146_uploaded_image1_1761247172.jpg
survêtement gris homme,15000.0,"Almadies 2, Dakar, Sénégal",https://images.coinafrique.com/thumb_5110377_uploaded_image1_1735393334.jpg
Costume africain,75000.0,"Guediawaye, Dakar, Sénégal",https://images.coinafrique.com/thumb_5565386_uploaded_image1_1759971775.jpg
Ensemble chemise et pantalon,12000.0,"Pikine, Sénégal",https://images.coinafrique.com/thumb_5111688_uploaded_image1_1735494507.jpg
Pantalons homme,6500.0,"Pikine, Sénégal",https://images.coinafrique.com/thumb_5111696_uploaded_image1_1735494852.jpg
Tenue homme,25000.0,"Ouakam, Dakar, Sénégal",https://images.coinafrique.com/thumb_3666508_uploaded_image1_1650729311.jpg
Pull Hiver,5000.0,"Grand Yoff, Dakar, Sénégal",https://images.coinafrique.com/thumb_5114294_uploaded_image1_1735672479.jpg
Jeans Cargo homme,8000.0,"Damel, Dakar, Sénégal",https://images.coinafrique.com/thumb_5115022_uploaded_image1_1735766837.jpg
Costume africain,45000.0,"Almadies, Dakar, Sénégal",https://images.coinafrique.com/thumb_5118945_uploaded_image1_1735994636.jpg
Costume africain,30000.0,"Ngor, Dakar, Sénégal",https://images.coinafrique.com/thumb_5145144_uploaded_image1_1737451281.jpg
Tennis de sécurité,20000.0,"Parcelle Assainies, Dakar, Sénégal",https://images.coinafrique.com/thumb_5121972_uploaded_image1_1736187214.jpg
Chaussures Adidas pantalon,9000.0,"Almadies, Dakar, Sénégal",https://images.coinafrique.com/thumb_5122595_uploaded_image1_1736216554.jpg
Lacoste homme,8000.0,"Almadies, Dakar, Sénégal",https://images.coinafrique.com/thumb_5125477_uploaded_image1_1736354339.jpg
Jacket en cuir,14000.0,"Grand Yoff, Dakar, Sénégal",https://images.coinafrique.com/thumb_5125921_uploaded_image1_1736368741.jpg
Ensemble short et t-shirt,5000.0,"Keur Massar, Sénégal",https://images.coinafrique.com/thumb_5129420_uploaded_image1_1736548677.jpg
Jalabe,25000.0,"Dakar Plateau, Dakar, Sénégal",https://images.coinafrique.com/thumb_5130694_uploaded_image1_1736629706.jpg
Bas large homme,7000.0,"Dakar, Sénégal",https://images.coinafrique.com/thumb_5131117_uploaded_image1_1736677702.jpg
Vetement homme,15000.0,"Guediawaye, Dakar, Sénégal",https://images.coinafrique.com/thumb_4601964_uploaded_image1_1708395686.jpg
Custume africain,30000.0,"Hann Bel-Air, Dakar, Sénégal",https://images.coinafrique.com/thumb_5138792_uploaded_image1_1737058114.jpg
Ensembles blouson,10000.0,"Dieuppeul-Derklé, Dakar, Sénégal",https://images.coinafrique.com/thumb_5139741_uploaded_image1_1737118803.jpg
Pull unique,8500.0,"Medina, Dakar, Sénégal",https://images.coinafrique.com/thumb_5147705_uploaded_image1_1737556553.jpg
Djalaba pour homme,10000.0,"Colobane, Dakar, Sénégal",https://images.coinafrique.com/thumb_5105336_uploaded_image1_1735030845.jpg
Djialap pour homme,10000.0,"Colobane, Dakar, Sénégal",https://images.coinafrique.com/thumb_5104607_uploaded_image1_1734974719.jpg
Djialabé,10000.0,"Pikine, Sénégal",https://images.coinafrique.com/thumb_5232167_uploaded_image1_1741963999.jpg
T-shirts,5000.0,"Grand Yoff, Dakar, Sénégal",https://images.coinafrique.com/thumb_5396595_uploaded_image1_1751139172.jpg
Pulls,8000.0,"Grand Yoff, Dakar, Sénégal",https://images.coinafrique.com/thumb_5291801_uploaded_image1_1745269197.jpg
Costume africaine,30000.0,"Mbao, Dakar, Sénégal",https://images.coinafrique.com/thumb_5528446_uploaded_image1_1758031889.jpg
Vetement homme,13000.0,"Mbao, Dakar, Sénégal",https://images.coinafrique.com/thumb_4746909_uploaded_image1_1715866535.jpg
Ensemble 3 pièces,30000.0,"HLM, Dakar, Sénégal",https://images.coinafrique.com/thumb_5323878_uploaded_image1_1747055928.jpg
Ensemble blouson,20000.0,"Dakar, Sénégal",https://images.coinafrique.com/thumb_5166796_uploaded_image1_1738580809.jpg
Chemise El-hadji bouton doré,20000.0,"Dakar Plateau, Dakar, Sénégal",https://images.coinafrique.com/thumb_5388857_uploaded_image1_1750706864.jpg
Ensemble Nike Tech Fleece,40000.0,"Grand Dakar, Dakar, Sénégal",https://images.coinafrique.com/thumb_5168364_uploaded_image1_1738628825.jpg
Lacostes homme,11000.0,"Dakar, Sénégal",https://images.coinafrique.com/thumb_5748678_uploaded_image1_1769718508.jpg
T-shirts,5000.0,"Dieuppeul-Derklé, Dakar, Sénégal",https://images.coinafrique.com/thumb_5176044_uploaded_image1_1739005206.jpg
Lot de 3 débardeur,5000.0,"Dakar Plateau, Dakar, Sénégal",https://images.coinafrique.com/thumb_5130429_uploaded_image1_1736616495.jpg
Pull Over,8000.0,"Parcelle Assainies, Dakar, Sénégal",https://images.coinafrique.com/thumb_5179844_uploaded_image1_1739225129.jpg
Polo Boss,4000.0,"Grand Yoff, Dakar, Sénégal",https://images.coinafrique.com/thumb_5180647_uploaded_image1_1739276033.jpg
Sous vetement coton,1500.0,"Fass, Dakar, Sénégal",https://images.coinafrique.com/thumb_5256503_uploaded_image1_1743271904.jpg
Chaussures homme,25000.0,"Dakar, Sénégal",https://images.coinafrique.com/thumb_5182989_uploaded_image1_1739389601.jpg
Vetements  homme,8000.0,"Parcelle Assainies, Dakar, Sénégal",https://images.coinafrique.com/thumb_4590100_uploaded_image1_1707744155.jpg
Pantalon  homme,7500.0,"Ngor, Dakar, Sénégal",https://images.coinafrique.com/thumb_5206275_uploaded_image1_1740684650.jpg
Boubous homme,850000.0,"Grand Yoff, Dakar, Sénégal",https://images.coinafrique.com/thumb_5186335_uploaded_image1_1739567861.jpg
Ensemble costume,55000.0,"Dakar, Sénégal",https://images.coinafrique.com/thumb_5246483_uploaded_image1_1742728129.jpg
Djellaba pour homme,15000.0,"Fass, Dakar, Sénégal",https://images.coinafrique.com/thumb_5141181_uploaded_image1_1737203810.jpg
Jogging,7000.0,"Dakar Plateau, Dakar, Sénégal",https://images.coinafrique.com/thumb_5299462_uploaded_image1_1745669058.jpg
Pulls collant,5000.0,"Parcelle Assainies, Dakar, Sénégal",https://images.coinafrique.com/thumb_5193321_uploaded_image1_1739977517.jpg
Djialabé,7000.0,"Medina, Dakar, Sénégal",https://images.coinafrique.com/thumb_5195658_uploaded_image1_1740079988.jpg
Abaya homme,7500.0,"Sacré-Coeur, Dakar, Sénégal",https://images.coinafrique.com/thumb_5197736_uploaded_image1_1740211862.jpg
Djellaba,12000.0,"Almadies 2, Dakar, Sénégal",https://images.coinafrique.com/thumb_5198746_uploaded_image1_1740258870.jpg
Combinaison homme,45000.0,"Patte d'oie, Dakar, Sénégal",https://images.coinafrique.com/thumb_5202402_uploaded_image1_1740483071.jpg
Djialabé,12000.0,"Parcelle Assainies, Dakar, Sénégal",https://images.coinafrique.com/thumb_5196625_uploaded_image1_1740145369.jpg
Jalaba homme,8000.0,"Grand Yoff, Dakar, Sénégal",https://images.coinafrique.com/thumb_5207143_uploaded_image1_1740745195.jpg
T-shirt Jules,6500.0,"Ngor, Dakar, Sénégal",https://images.coinafrique.com/thumb_5167839_uploaded_image1_1738613049.jpg
Jellabs marocains homme,15000.0,"Dieuppeul-Derklé, Dakar, Sénégal",https://images.coinafrique.com/thumb_5209751_uploaded_image1_1740878061.jpg
Ensemble short,5500.0,"Dakar, Sénégal",https://images.coinafrique.com/thumb_5588150_uploaded_image1_1761247547.jpg
Jean Oversized,8000.0,"Ouest Foire, Dakar, Sénégal",https://images.coinafrique.com/thumb_5473114_uploaded_image1_1755058671.jpg
Box homme,10000.0,"Ouest Foire, Dakar, Sénégal",https://images.coinafrique.com/thumb_5216645_uploaded_image1_1741207257.jpg
Ensemble jogging,15000.0,"Dakar, Sénégal",https://images.coinafrique.com/thumb_5219558_uploaded_image1_1741347843.jpg
Chaussures homme,20000.0,"Fass, Dakar, Sénégal",https://images.coinafrique.com/thumb_5179614_uploaded_image1_1739215765.jpg
Dialabé pour homme anfna,7500.0,"Fass, Dakar, Sénégal",https://images.coinafrique.com/thumb_5226125_uploaded_image1_1741685568.jpg
Djalabé,10000.0,"Almadies 2, Dakar, Sénégal",https://images.coinafrique.com/thumb_5225528_uploaded_image1_1741651639.jpg
Jalabé  homme,20000.0,"Guediawaye, Dakar, Sénégal",https://images.coinafrique.com/thumb_5226397_uploaded_image1_1741693787.jpg
Diokîn pour homme,27000.0,"Fass, Dakar, Sénégal",https://images.coinafrique.com/thumb_5182298_uploaded_image1_1739364640.jpg
Jalaba homme,15000.0,"Medina, Dakar, Sénégal",https://images.coinafrique.com/thumb_5228721_uploaded_image1_1741792647.jpg
Caleçon  homme,1000.0,"Colobane, Dakar, Sénégal",https://images.coinafrique.com/thumb_5231448_uploaded_image1_1741937565.jpg
Chemise El Hadji,13000.0,"Pikine, Sénégal",https://images.coinafrique.com/thumb_5232160_uploaded_image1_1741963646.jpg
Jalaba enfants,5000.0,"Pikine, Sénégal",https://images.coinafrique.com/thumb_5232562_uploaded_image3_1741979905.jpeg
Ensemble courte manche homme,9000.0,"Parcelle Assainies, Dakar, Sénégal",https://images.coinafrique.com/thumb_5648700_uploaded_image1_1764522517.jpg
T-shirts,1800.0,"Parcelle Assainies, Dakar, Sénégal",https://images.coinafrique.com/thumb_5233635_uploaded_image1_1742051112.jpg
Manchons de compression,2000.0,"Dakar, Sénégal",https://images.coinafrique.com/thumb_5234946_uploaded_image1_1742143585.jpg
Djialabé,15000.0,"HLM, Dakar, Sénégal",https://images.coinafrique.com/thumb_5246077_uploaded_image1_1742693298.jpg
T-shirt,2000.0,"Diourbel, Sénégal",https://images.coinafrique.com/thumb_5248289_uploaded_image1_1742818871.jpg
Jalaba homme en coton,15000.0,"Dakar Plateau, Dakar, Sénégal",https://images.coinafrique.com/thumb_5252041_uploaded_image1_1743008069.jpg
Jalaba homme,15000.0,"Dakar Plateau, Dakar, Sénégal",https://images.coinafrique.com/thumb_5252052_uploaded_image1_1743008264.jpg
Sous vetement cotton 100℅ douzaine,12000.0,"Colobane, Dakar, Sénégal",https://images.coinafrique.com/thumb_5276271_uploaded_image1_1744319968.jpg
Chemise homme,27000.0,"Ngor, Dakar, Sénégal",https://images.coinafrique.com/thumb_5210987_uploaded_image1_1740960866.jpg
Dialab coton ensemble taille 56 58 60 62,10000.0,"Colobane, Dakar, Sénégal",https://images.coinafrique.com/thumb_5214576_uploaded_image1_1741111442.jpg
Dialab taille 56 58 60 62,10000.0,"Colobane, Dakar, Sénégal",https://images.coinafrique.com/thumb_5214570_uploaded_image1_1741111198.jpg
Dialab pour homme,10000.0,"Colobane, Dakar, Sénégal",https://images.coinafrique.com/thumb_5214586_uploaded_image1_1741111877.jpg
Dialab blanc,7000.0,"Colobane, Dakar, Sénégal",https://images.coinafrique.com/thumb_5214602_uploaded_image1_1741112218.jpg
Ensemble homme,17000.0,"Dieuppeul-Derklé, Dakar, Sénégal",https://images.coinafrique.com/thumb_5264516_uploaded_image1_1743722045.jpg
T-shirt unique en coton,3000.0,"Dakar, Sénégal",https://images.coinafrique.com/thumb_5658191_uploaded_image1_1764973421.jpg
Boxers,1000.0,"Dakar, Sénégal",https://images.coinafrique.com/thumb_5272210_uploaded_image1_1744125601.jpg
Sous vêtement homme,6500.0,"Mermoz-Sacré Coeur, Dakar, Sénégal",https://images.coinafrique.com/thumb_4036356_uploaded_image1_1672943814.jpg
Boubou,110000.0,"Dakar, Sénégal",https://images.coinafrique.com/thumb_5275497_uploaded_image1_1744293030.jpg
Vetmemt traditionel homme,20000.0,"Colobane, Dakar, Sénégal",https://images.coinafrique.com/thumb_5232019_uploaded_image1_1741958189.jpg
Dialaba,25000.0,"Colobane, Dakar, Sénégal",https://images.coinafrique.com/thumb_5340703_uploaded_image1_1747926660.jpg
Pantalon jeans,30000.0,"Mbao, Dakar, Sénégal",https://images.coinafrique.com/thumb_5278626_uploaded_image1_1744464626.jpg
Lacoste  homme,7000.0,"Fass, Dakar, Sénégal",https://images.coinafrique.com/thumb_5235214_uploaded_image1_1742160264.jpg
Bazin Riche 3 Pièces,70000.0,"HLM, Dakar, Sénégal",https://images.coinafrique.com/thumb_5290090_uploaded_image2_1745148278.jpeg
Lacoste homme,7000.0,"Dakar Plateau, Dakar, Sénégal",https://images.coinafrique.com/thumb_5422133_uploaded_image1_1752479744.jpg
Abaya doubai,25000.0,"Sacré-Coeur, Dakar, Sénégal",https://images.coinafrique.com/thumb_5297151_uploaded_image1_1745530268.jpg
Ensemble grand boubou 3 pièces,30000.0,"HLM, Dakar, Sénégal",https://images.coinafrique.com/thumb_5323007_uploaded_image1_1747004223.jpg
Pantalon Jean  homme,20000.0,"Dakar, Sénégal",https://images.coinafrique.com/thumb_5325030_uploaded_image1_1747102473.jpg
Culotte cuissar,3000.0,"Colobane, Dakar, Sénégal",https://images.coinafrique.com/thumb_5280464_uploaded_image1_1744591038.jpg
Polo Lacoste coton,6500.0,"Dakar Plateau, Dakar, Sénégal",https://images.coinafrique.com/thumb_5293055_uploaded_image1_1745339693.jpg
Chemises homme,10000.0,"Dakar Plateau, Dakar, Sénégal",https://images.coinafrique.com/thumb_5715576_uploaded_image1_1768156314.jpg
Demi grand boubou homme,65000.0,"Guediawaye, Dakar, Sénégal",https://images.coinafrique.com/thumb_5663290_uploaded_image1_1765273622.jpg
Ensemble homme,7500.0,"Mbao, Dakar, Sénégal",https://images.coinafrique.com/thumb_5749883_uploaded_image1_1769781404.jpg
Lacoste coton unique,5000.0,"Colobane, Dakar, Sénégal",https://images.coinafrique.com/thumb_5287008_uploaded_image1_1744926363.jpg
Shorts cotton 100℅,3500.0,"Colobane, Dakar, Sénégal",https://images.coinafrique.com/thumb_5287002_uploaded_image1_1744926217.jpg
Polo Lacoste,6500.0,"Dakar Plateau, Dakar, Sénégal",https://images.coinafrique.com/thumb_5326067_uploaded_image1_1747152167.jpg
T-shirts en coton,5000.0,"Dakar Plateau, Dakar, Sénégal",https://images.coinafrique.com/thumb_5595880_uploaded_image1_1761763593.jpg
Pantalon cargo,5000.0,"Dakar Plateau, Dakar, Sénégal",https://images.coinafrique.com/thumb_5498127_uploaded_image1_1756460300.jpg
Jean homme,7000.0,"Dakar Plateau, Dakar, Sénégal",https://images.coinafrique.com/thumb_5330130_uploaded_image1_1747337463.jpg
Bassin  riche  gold,6500.0,"Dakar Plateau, Dakar, Sénégal",https://images.coinafrique.com/thumb_5299451_uploaded_image1_1745668861.jpg
Getzner Super Manium gold original,12000.0,"Dakar Plateau, Dakar, Sénégal",https://images.coinafrique.com/thumb_5329829_uploaded_image1_1747328462.jpg
Kaki,7000.0,"Dakar Plateau, Dakar, Sénégal",https://images.coinafrique.com/thumb_5330135_uploaded_image1_1747337609.jpg
Ensemble blouson en coton,13000.0,"Dakar Plateau, Dakar, Sénégal",https://images.coinafrique.com/thumb_5671485_uploaded_image1_1765666732.jpg
T-shirt homme,7000.0,"Grand Yoff, Dakar, Sénégal",https://images.coinafrique.com/thumb_5348769_uploaded_image1_1748394151.jpg
Jogging Nike,9000.0,"Mariste, Dakar, Sénégal",https://images.coinafrique.com/thumb_5350993_uploaded_image1_1748526930.jpg
Débardeur en coton,3500.0,"Colobane, Dakar, Sénégal",https://images.coinafrique.com/thumb_5305181_uploaded_image1_1746024944.jpg
Lot de 6 tshirts,11000.0,"Dakar Plateau, Dakar, Sénégal",https://images.coinafrique.com/thumb_5308578_uploaded_image1_1746204180.jpg
Tenue africaine,40000.0,"Dakar, Sénégal",https://images.coinafrique.com/thumb_5699731_uploaded_image1_1767365215.jpg
Bassin riche,5000.0,"Dakar Plateau, Dakar, Sénégal",https://images.coinafrique.com/thumb_5334146_uploaded_image1_1747583668.jpg
Chemise homme,25000.0,"Almadies 2, Dakar, Sénégal",https://images.coinafrique.com/thumb_5346211_uploaded_image1_1748266571.jpg
Chemise,25000.0,"Almadies 2, Dakar, Sénégal",https://images.coinafrique.com/thumb_5346271_uploaded_image1_1748268399.jpg
Tableau  Art,10000.0,"Colobane, Dakar, Sénégal",https://images.coinafrique.com/thumb_5321522_uploaded_image1_1746889876.jpg
Getzner Super anium gold original,12000.0,"Dakar Plateau, Dakar, Sénégal",https://images.coinafrique.com/thumb_5326094_uploaded_image1_1747153147.jpg
Jogging,7000.0,"Dakar, Sénégal",https://images.coinafrique.com/thumb_5352592_uploaded_image1_1748628052.jpg
Abaya simple,8000.0,"Dakar Plateau, Dakar, Sénégal",https://images.coinafrique.com/thumb_5716402_uploaded_image1_1768212731.jpg
Chemise el hadj,9000.0,"Dakar, Sénégal",https://images.coinafrique.com/thumb_5757249_uploaded_image1_1770165657.jpg
Jeans homme,4500.0,"Dakar, Sénégal",https://images.coinafrique.com/thumb_5702153_uploaded_image1_1767517880.jpg
Babouche hommes,10000.0,"Dakar, Sénégal",https://images.coinafrique.com/thumb_5348408_uploaded_image1_1748372963.jpg
Culotte,6500.0,"Dakar Plateau, Dakar, Sénégal",https://images.coinafrique.com/thumb_5330133_uploaded_image1_1747337550.jpg
Pack de 6 caleçons - 3 sous-vêtements gris,8500.0,"Geule Tapée, Dakar, Sénégal",https://images.coinafrique.com/thumb_3040054_uploaded_image1_1617570705.jpg
T-shirt Lacoste,5000.0,"Dakar, Sénégal",https://images.coinafrique.com/thumb_5584603_uploaded_image1_1761052072.jpg
Cargo homme,7000.0,"Dakar, Sénégal",https://images.coinafrique.com/thumb_5359212_uploaded_image1_1748985772.jpg
Pantalon Jean,15000.0,"Mamelles, Dakar, Sénégal",https://images.coinafrique.com/thumb_5369272_uploaded_image1_1749637388.jpg
Ensemble homme 3 piéces,12000.0,"Parcelle Assainies, Dakar, Sénégal",https://images.coinafrique.com/thumb_5369347_uploaded_image1_1749639509.jpg
Chemise,18000.0,"Keur Massar, Sénégal",https://images.coinafrique.com/thumb_5333594_uploaded_image1_1747550498.jpg
Short homme,6000.0,"Dakar, Sénégal",https://images.coinafrique.com/thumb_5335983_uploaded_image1_1747682531.jpg
Caleçons homme,600.0,"Parcelle Assainies, Dakar, Sénégal",https://images.coinafrique.com/thumb_5379374_uploaded_image1_1750189453.jpg
Abaya languette,10000.0,"Dakar Plateau, Dakar, Sénégal",https://images.coinafrique.com/thumb_5388860_uploaded_image1_1750707013.jpg
Pack de 3 t-shirts en coton + 3 débardeurs +3 boxeurs,10500.0,"Sicap Liberté, Dakar, Sénégal",https://images.coinafrique.com/thumb_5390305_uploaded_image1_1750787966.jpg
Costume africaine,20000.0,"Fass, Dakar, Sénégal",https://images.coinafrique.com/thumb_5392633_uploaded_image1_1750904042.jpg
Bas Nike Tech,10000.0,"Mariste, Dakar, Sénégal",https://images.coinafrique.com/thumb_5396366_uploaded_image1_1751130805.jpg
Polo en coton,7000.0,"Dakar, Sénégal",https://images.coinafrique.com/thumb_5554258_uploaded_image1_1759400484.jpg
Pantalon bas large,7000.0,"Dakar, Sénégal",https://images.coinafrique.com/thumb_5674256_uploaded_image1_1765840156.jpg
Dialabeh homme,9000.0,"Dakar, Sénégal",https://images.coinafrique.com/thumb_5377282_uploaded_image1_1750088802.jpg
Short jeans,7000.0,"Dakar, Sénégal",https://images.coinafrique.com/thumb_5549017_uploaded_image1_1759172693.jpg
Caleçons,1000.0,"Dakar, Sénégal",https://images.coinafrique.com/thumb_5657705_uploaded_image1_1764949059.jpg
Boubou homme traditionnel,35000.0,"Guediawaye, Dakar, Sénégal",https://images.coinafrique.com/thumb_5414801_uploaded_image1_1752066925.jpg
Chemise africaine,11000.0,"Mbao, Dakar, Sénégal",https://images.coinafrique.com/thumb_5421027_uploaded_image1_1752406068.jpg
Djialab coton,25000.0,"Colobane, Dakar, Sénégal",https://images.coinafrique.com/thumb_5648803_uploaded_image1_1764526181.jpg
Djialab Homme,15000.0,"Colobane, Dakar, Sénégal",https://images.coinafrique.com/thumb_5374420_uploaded_image1_1749913604.jpg
Tshirt coton,8000.0,"Colobane, Dakar, Sénégal",https://images.coinafrique.com/thumb_5374565_uploaded_image1_1749920402.jpg
Pantalon jean,8000.0,"Dakar Plateau, Dakar, Sénégal",https://images.coinafrique.com/thumb_5422157_uploaded_image1_1752480645.jpg
Pantalon Kaki,5000.0,"Keur Massar, Sénégal",https://images.coinafrique.com/thumb_5438593_uploaded_image1_1753346732.jpg
Pantalon kakis et chemise,15000.0,"Guediawaye, Dakar, Sénégal",https://images.coinafrique.com/thumb_5438939_uploaded_image1_1753357818.jpg
Chaussures homme,2500.0,"Mermoz-Sacré Coeur, Dakar, Sénégal",https://images.coinafrique.com/thumb_5446085_uploaded_image1_1753712713.jpg
Polo Jules,7000.0,"HLM, Dakar, Sénégal",https://images.coinafrique.com/thumb_5454591_uploaded_image1_1754095820.jpg
Para pluie,3000.0,"Colobane, Dakar, Sénégal",https://images.coinafrique.com/thumb_5409455_uploaded_image1_1751803857.jpg
Emsemble pour la pluie,6000.0,"Colobane, Dakar, Sénégal",https://images.coinafrique.com/thumb_5409459_uploaded_image1_1751803940.jpg
T-shirt Et casquette,5000.0,"Dakar, Sénégal",https://images.coinafrique.com/thumb_5460350_uploaded_image1_1754398524.jpg
Chemise Lin homme,8000.0,"Dakar, Sénégal",https://images.coinafrique.com/thumb_5460353_uploaded_image1_1754398640.jpg
Chemises homme,25000.0,"Almadies, Dakar, Sénégal",https://images.coinafrique.com/thumb_5471098_uploaded_image1_1754942626.jpg
Short homme,4500.0,"Ouest Foire, Dakar, Sénégal",https://images.coinafrique.com/thumb_5473116_uploaded_image1_1755058803.jpg
T-shirt manche courte,5000.0,"Rufisque, Sénégal",https://images.coinafrique.com/thumb_5478947_uploaded_image1_1755391084.jpg
Ensemble costume africain homme,30000.0,"Rufisque, Sénégal",https://images.coinafrique.com/thumb_5478956_uploaded_image1_1755391742.jpg
Costume africain,30000.0,"Parcelle Assainies, Dakar, Sénégal",https://images.coinafrique.com/thumb_5560169_uploaded_image1_1759703026.jpg
Ensemble lein,20000.0,"Dakar, Sénégal",https://images.coinafrique.com/thumb_5487168_uploaded_image1_1755817625.jpg
Chemises homme,11000.0,"Mbao, Dakar, Sénégal",https://images.coinafrique.com/thumb_5490127_uploaded_image1_1755972461.jpg
Tenues africaines,15000.0,"Ouest Foire, Dakar, Sénégal",https://images.coinafrique.com/thumb_5492072_uploaded_image1_1756125069.jpg
Ensemble chemises Kaki,11000.0,"Pikine, Sénégal",https://images.coinafrique.com/thumb_5494282_uploaded_image1_1756235854.jpg
Chemise,10000.0,"HLM, Dakar, Sénégal",https://images.coinafrique.com/thumb_5495619_uploaded_image1_1756301588.jpg
Chaussures homme,7000.0,"Hann Bel-Air, Dakar, Sénégal",https://images.coinafrique.com/thumb_5497701_uploaded_image1_1756418704.jpg
Dialabé,8000.0,"Grand Yoff, Dakar, Sénégal",https://images.coinafrique.com/thumb_5504244_uploaded_image1_1756801260.jpg
Costume Col Mao,40000.0,"Guediawaye, Dakar, Sénégal",https://images.coinafrique.com/thumb_5507616_uploaded_image1_1756942821.jpg
Vêtement homme,3000.0,"Rufisque, Sénégal",https://images.coinafrique.com/thumb_5747974_uploaded_image1_1769689415.jpg
Nusamel sport,12500.0,"Fass, Dakar, Sénégal",https://images.coinafrique.com/thumb_5468839_uploaded_image1_1754832244.jpg
Chemises homme,13000.0,"Ouest Foire, Dakar, Sénégal",https://images.coinafrique.com/thumb_5516951_uploaded_image1_1757433769.jpg
Polos homme,6000.0,"Dakar Plateau, Dakar, Sénégal",https://images.coinafrique.com/thumb_5525292_uploaded_image1_1757874532.jpg
Chemises homme,15000.0,"Guediawaye, Dakar, Sénégal",https://images.coinafrique.com/thumb_5528639_uploaded_image1_1758039595.jpg
Polo,5500.0,"Pikine, Sénégal",https://images.coinafrique.com/thumb_5530347_uploaded_image1_1758116944.jpg
Jallabe homme,15000.0,"Fass, Dakar, Sénégal",https://images.coinafrique.com/thumb_5481158_uploaded_image1_1755533660.jpg
Chemise africaine,13000.0,"Ouest Foire, Dakar, Sénégal",https://images.coinafrique.com/thumb_5539551_uploaded_image2_1758628464.jpeg
Boubou homme,20000.0,"Gueule Tapée, Dakar, Sénégal",https://images.coinafrique.com/thumb_5583429_uploaded_image1_1760991166.jpg
Ensemble Short,9500.0,"Dakar Plateau, Dakar, Sénégal",https://images.coinafrique.com/thumb_5549382_uploaded_image1_1759190460.jpg
Lacostes homme,12000.0,"Sicap Liberté, Dakar, Sénégal",https://images.coinafrique.com/thumb_5553349_uploaded_image1_1759343446.jpg
Caleçons,7000.0,"Keur Massar, Sénégal",https://images.coinafrique.com/thumb_5563903_uploaded_image1_1759891202.jpg
Patolo pour homme,10000.0,"Fass, Dakar, Sénégal",https://images.coinafrique.com/thumb_5524480_uploaded_image1_1757810630.jpg
Patolon pour homme,10000.0,"Fass, Dakar, Sénégal",https://images.coinafrique.com/thumb_5524496_uploaded_image1_1757811429.jpg
Abimen homme,30000.0,"Parcelle Assainies, Dakar, Sénégal",https://images.coinafrique.com/thumb_5569789_uploaded_image1_1760221691.jpg
Blouson,13500.0,"Diamniadio, Sénégal",https://images.coinafrique.com/thumb_5574075_uploaded_image1_1760470253.jpg
Kargo,8000.0,"Colobane, Dakar, Sénégal",https://images.coinafrique.com/thumb_5527932_uploaded_image1_1758015495.jpg
Pantalon coton,10000.0,"Colobane, Dakar, Sénégal",https://images.coinafrique.com/thumb_5527936_uploaded_image1_1758015699.jpg
Emsemble coton par taille,8000.0,"Colobane, Dakar, Sénégal",https://images.coinafrique.com/thumb_5527950_uploaded_image1_1758015984.jpg
Costumes africains,30000.0,"HLM, Dakar, Sénégal",https://images.coinafrique.com/thumb_5547717_uploaded_image1_1759098205.jpg
Survêtement Nike,60000.0,"Grand Dakar, Dakar, Sénégal",https://images.coinafrique.com/thumb_5588326_uploaded_image1_1761262675.jpg
Ensemble en lin,8000.0,"Dakar, Sénégal",https://images.coinafrique.com/thumb_5571613_uploaded_image1_1760357230.jpg
Ensemble kaki + polo,15000.0,"Dakar, Sénégal",https://images.coinafrique.com/thumb_5563767_uploaded_image1_1759876864.jpg
Polo homme,7000.0,"Dakar, Sénégal",https://images.coinafrique.com/thumb_5563761_uploaded_image1_1759876759.jpg
Djalabeh,10000.0,"Dakar, Sénégal",https://images.coinafrique.com/thumb_5657723_uploaded_image1_1764949964.jpg
Abaya homme bleu ciel,20000.0,"Sicap Liberté, Dakar, Sénégal",https://images.coinafrique.com/thumb_5604148_uploaded_image1_1762219990.jpg
Short homme,4500.0,"Almadies, Dakar, Sénégal",https://images.coinafrique.com/thumb_5612987_uploaded_image1_1762697248.jpg
Pantalon en coton,6000.0,"Almadies, Dakar, Sénégal",https://images.coinafrique.com/thumb_5612990_uploaded_image1_1762697373.jpg
Abaya homme,4500.0,"Dakar, Sénégal",https://images.coinafrique.com/thumb_5616609_uploaded_image1_1762875617.jpg
Chemise homme,8500.0,"Grand Dakar, Dakar, Sénégal",https://images.coinafrique.com/thumb_5621540_uploaded_image1_1763113503.jpg
Jogging,10000.0,"Medina, Dakar, Sénégal",https://images.coinafrique.com/thumb_5746893_uploaded_image1_1769621688.jpg
Abaya Vip,7000.0,"Dakar, Sénégal",https://images.coinafrique.com/thumb_5627758_uploaded_image1_1763467598.jpg
Abaya,7000.0,"Dakar, Sénégal",https://images.coinafrique.com/thumb_5627764_uploaded_image1_1763467688.jpg
Costume homme,35000.0,"Ouest Foire, Dakar, Sénégal",https://images.coinafrique.com/thumb_5630909_uploaded_image1_1763595205.jpg
Costume africaine,30000.0,"Ouakam, Dakar, Sénégal",https://images.coinafrique.com/thumb_5635768_uploaded_image1_1763846355.jpg
Jackets homme,12000.0,"Diamalaye 1, Dakar, Sénégal",https://images.coinafrique.com/thumb_5636688_uploaded_image1_1763904711.jpg
Ensembles blouson,25000.0,"Guediawaye, Dakar, Sénégal",https://images.coinafrique.com/thumb_5653962_uploaded_image1_1764767662.jpg
Polos homme,2800.0,"Point E, Dakar, Sénégal",https://images.coinafrique.com/thumb_5655261_uploaded_image1_1764838352.jpg
Emsemble 100℅ coton,15000.0,"Colobane, Dakar, Sénégal",https://images.coinafrique.com/thumb_5624968_uploaded_image1_1763325481.jpg
Collants Nike,4000.0,"Dakar, Sénégal",https://images.coinafrique.com/thumb_5635312_uploaded_image1_1763821085.jpg
Costumes homme,25000.0,"Thies, Sénégal",https://images.coinafrique.com/thumb_5679136_uploaded_image1_1766070921.jpg
Pull,10000.0,"Colobane, Dakar, Sénégal",https://images.coinafrique.com/thumb_5635943_uploaded_image1_1763859233.jpg
Costumes hommes,35000.0,"Rufisque, Sénégal",https://images.coinafrique.com/thumb_5685012_uploaded_image1_1766413782.jpg
Jeans homme,13000.0,"Mariste, Dakar, Sénégal",https://images.coinafrique.com/thumb_5686546_uploaded_image1_1766498786.jpg
Doudoune,12000.0,"Mariste, Dakar, Sénégal",https://images.coinafrique.com/thumb_5686559_uploaded_image1_1766499901.jpg
Pull personnalisé,12000.0,"Ouakam, Dakar, Sénégal",https://images.coinafrique.com/thumb_5686965_uploaded_image1_1766517468.jpg
Doudoune sans maches,6000.0,"Medina, Dakar, Sénégal",https://images.coinafrique.com/thumb_5689383_uploaded_image1_1766693615.jpg
Veste chemise,15000.0,"Sicap Liberté, Dakar, Sénégal",https://images.coinafrique.com/thumb_5698028_uploaded_image1_1767239169.jpg
Habit homme,14000.0,"HLM, Dakar, Sénégal",https://images.coinafrique.com/thumb_5698516_uploaded_image1_1767280124.jpg
Pull,6500.0,"Dakar, Sénégal",https://images.coinafrique.com/thumb_5739053_uploaded_image1_1769255952.jpg
Ensemble femme,12000.0,"Dakar, Sénégal",https://images.coinafrique.com/thumb_5739061_uploaded_image1_1769256196.jpg
Pull collant,5000.0,"Dakar, Sénégal",https://images.coinafrique.com/thumb_5667205_uploaded_image1_1765447970.jpg
Blouson,20000.0,"Dakar, Sénégal",https://images.coinafrique.com/thumb_5657571_uploaded_image1_1764942132.jpg
Ensemble en jeans,20000.0,"Dakar, Sénégal",https://images.coinafrique.com/thumb_5663474_uploaded_image1_1765280744.jpg
Gilet,8000.0,"Dakar, Sénégal",https://images.coinafrique.com/thumb_5657703_uploaded_image1_1764948943.jpg
Liquette homme et femme,5500.0,"Medina, Dakar, Sénégal",https://images.coinafrique.com/thumb_5703148_uploaded_image1_1767562157.jpg
Djialabé,15000.0,"Dieuppeul-Derklé, Dakar, Sénégal",https://images.coinafrique.com/thumb_5704567_uploaded_image2_1767633428.jpeg
Chemise Aladji simple,10000.0,"Dieuppeul-Derklé, Dakar, Sénégal",https://images.coinafrique.com/thumb_5704570_uploaded_image1_1767633532.jpg
Chemise Aladji,15000.0,"Dieuppeul-Derklé, Dakar, Sénégal",https://images.coinafrique.com/thumb_5704575_uploaded_image1_1767633661.jpg
T-shirt,4500.0,"Mbour, Sénégal",https://images.coinafrique.com/thumb_5708349_uploaded_image1_1767792407.jpg
Balle de peignoir fripperie,70000.0,"Diourbel, Sénégal",https://images.coinafrique.com/thumb_5709925_uploaded_image1_1767869309.jpg
T-shirt Sénégal,10000.0,"Dakar Plateau, Dakar, Sénégal",https://images.coinafrique.com/thumb_5713955_uploaded_image1_1768047812.jpg
Blazer,25000.0,"Dakar Plateau, Dakar, Sénégal",https://images.coinafrique.com/thumb_5713967_uploaded_image1_1768048084.jpg
Chemise homme,7000.0,"Yoff, Dakar, Sénégal",https://images.coinafrique.com/thumb_5715938_uploaded_image1_1768181503.jpg
Enchembe chemises lequete,20000.0,"Guediawaye, Dakar, Sénégal",https://images.coinafrique.com/thumb_5716418_uploaded_image1_1768213124.jpg
Pull,5000.0,"Keur Massar, Sénégal",https://images.coinafrique.com/thumb_5717358_uploaded_image1_1768246762.jpg
Ensemble tradi-moderne,12000.0,"Keur Massar, Sénégal",https://images.coinafrique.com/thumb_5717367_uploaded_image1_1768247011.jpg
Chemise unique original 100℅ coton,5000.0,"Colobane, Dakar, Sénégal",https://images.coinafrique.com/thumb_5682233_uploaded_image1_1766238315.jpg
T-shirt compressifs,4000.0,"Dakar, Sénégal",https://images.coinafrique.com/thumb_5728502_uploaded_image1_1768817479.jpg
Veste sport vintage,18000.0,"Ouest Foire, Dakar, Sénégal",https://images.coinafrique.com/thumb_5732576_uploaded_image1_1768998372.jpg
Ensemble nike nocta et trapstar,34000.0,"Ouest Foire, Dakar, Sénégal",https://images.coinafrique.com/thumb_5733744_uploaded_image1_1769033283.jpg
Ensemble veste,45000.0,"Dakar, Sénégal",https://images.coinafrique.com/thumb_5739049_uploaded_image1_1769255895.jpg
Ensemble h&m homme,7500.0,"Sicap Liberté, Dakar, Sénégal",https://images.coinafrique.com/thumb_5741367_uploaded_image1_1769391008.jpg
Djallabé pour homme,10000.0,"Colobane, Dakar, Sénégal",https://images.coinafrique.com/thumb_5743307_uploaded_image1_1769468595.jpg
Djellaba pour homme coton très classe,25000.0,"Colobane, Dakar, Sénégal",https://images.coinafrique.com/thumb_5743387_uploaded_image1_1769470887.jpg
Djellaba pour homme coton 100℅,8000.0,"Colobane, Dakar, Sénégal",https://images.coinafrique.com/thumb_5743382_uploaded_image1_1769470517.jpg
Jean Armanie,6000.0,"Ouest Foire, Dakar, Sénégal",https://images.coinafrique.com/thumb_5745199_uploaded_image1_1769550375.jpg
Jalaba homme,10000.0,"Pikine, Sénégal",https://images.coinafrique.com/thumb_5746931_uploaded_image1_1769624420.jpg
Jalabas pour hommes,8000.0,"Mbao, Dakar, Sénégal",https://images.coinafrique.com/thumb_5749864_uploaded_image1_1769781039.jpg
Djalaba 3 pièces,22000.0,"Dakar, Sénégal",https://images.coinafrique.com/thumb_5757242_uploaded_image1_1770164946.jpg
Jalaba homme,7000.0,"Parcelle Assainies, Dakar, Sénégal",https://images.coinafrique.com/thumb_5764002_uploaded_image1_1770490927.jpg
Djalabe homme,8500.0,"Fass, Dakar, Sénégal",https://images.coinafrique.com/thumb_5737158_uploaded_image1_1769170472.jpg
Abaya homme,10000.0,"Fass, Dakar, Sénégal",https://images.coinafrique.com/thumb_5779842_uploaded_image1_1771412780.jpg
Nuasame pour homme,20000.0,"Fass, Dakar, Sénégal",https://images.coinafrique.com/thumb_5758109_uploaded_image1_1770212300.jpg
